new_header	new_type	legacy_type	file	line	matched_pattern	text
m-kconfig/include/kconfig/data/path_resolver.hpp	ConfigLayer	karma::common::data::ConfigLayer	m-karma/src/common/content/catalog.cpp	79	\b(?:karma::)?common::data::ConfigLayer\b	std::vector<karma::common::data::ConfigLayer> layers = karma::common::data::LoadConfigLayers(base_specs);
m-kconfig/include/kconfig/data/path_resolver.hpp	ConfigLayerSpec	karma::common::data::ConfigLayerSpec	m-karma/src/common/content/catalog.cpp	70	\b(?:karma::)?common::data::ConfigLayerSpec\b	WorldContent LoadWorldContent(const std::vector<karma::common::data::ConfigLayerSpec>& base_specs,
m-kconfig/include/kconfig/data/path_resolver.hpp	ConfigLayerSpec	karma::common::data::ConfigLayerSpec	m-karma/src/karma/common/content/catalog.hpp	36	\b(?:karma::)?common::data::ConfigLayerSpec\b	WorldContent LoadWorldContent(const std::vector<karma::common::data::ConfigLayerSpec>& base_specs,
m-kconfig/include/kconfig/data/path_resolver.hpp	DataPathSpec	karma::common::data::DataPathSpec	m-bz3/src/tests/client_world_package_safety_integration_test.cpp	503	\b(?:karma::)?common::data::DataPathSpec\b	karma::common::data::SetDataPathSpec(karma::common::data::DataPathSpec{
m-kconfig/include/kconfig/data/path_resolver.hpp	DataPathSpec	karma::common::data::DataPathSpec	m-bz3/src/tests/client_world_package_safety_integration_test.cpp	693	\b(?:karma::)?common::data::DataPathSpec\b	karma::common::data::SetDataPathSpec(karma::common::data::DataPathSpec{
m-kconfig/include/kconfig/data/path_resolver.hpp	DataPathSpec	karma::common::data::DataPathSpec	m-bz3/src/tests/client_world_package_safety_integration_test.cpp	794	\b(?:karma::)?common::data::DataPathSpec\b	karma::common::data::SetDataPathSpec(karma::common::data::DataPathSpec{
m-kconfig/include/kconfig/data/path_resolver.hpp	DataPathSpec	karma::common::data::DataPathSpec	m-bz3/src/tests/client_world_package_safety_integration_test.cpp	915	\b(?:karma::)?common::data::DataPathSpec\b	karma::common::data::SetDataPathSpec(karma::common::data::DataPathSpec{
m-kconfig/include/kconfig/data/path_resolver.hpp	DataPathSpec	karma::common::data::DataPathSpec	m-bz3/src/tests/client_world_package_safety_integration_test.cpp	1107	\b(?:karma::)?common::data::DataPathSpec\b	karma::common::data::SetDataPathSpec(karma::common::data::DataPathSpec{
m-kconfig/include/kconfig/data/path_resolver.hpp	DataPathSpec	karma::common::data::DataPathSpec	m-bz3/src/tests/client_world_package_safety_integration_test.cpp	1360	\b(?:karma::)?common::data::DataPathSpec\b	karma::common::data::SetDataPathSpec(karma::common::data::DataPathSpec{
m-kconfig/include/kconfig/data/path_resolver.hpp	DataPathSpec	karma::common::data::DataPathSpec	m-bz3/src/tests/client_world_package_safety_integration_test.cpp	1607	\b(?:karma::)?common::data::DataPathSpec\b	karma::common::data::SetDataPathSpec(karma::common::data::DataPathSpec{
m-kconfig/include/kconfig/data/path_resolver.hpp	DataPathSpec	karma::common::data::DataPathSpec	m-karma/src/app/shared/bootstrap_spec.cpp	13	\b(?:karma::)?common::data::DataPathSpec\b	common::data::DataPathSpec data_spec{};
m-kconfig/include/kconfig/data/path_resolver.hpp	DataPathSpec	karma::common::data::DataPathSpec	m-karma/src/renderer/tests/renderer_shadow_sandbox.cpp	721	\b(?:karma::)?common::data::DataPathSpec\b	karma::common::data::DataPathSpec data_spec{};
m-kconfig/include/kconfig/data/root_policy.hpp	RootPathPolicy	karma::common::data::RootPathPolicy	m-karma/src/tests/support/test_asset_path.cpp	18	\b(?:karma::)?common::data::RootPathPolicy\b	karma::common::data::RootPathPolicy root_policy{};
m-kconfig/include/kconfig/i18n.hpp	I18n	karma::common::i18n::I18n	m-bz3/src/ui/frontends/rmlui/translate.cpp	69	\b(?:karma::)?common::i18n::I18n\b	void applyElementTranslation(Rml::Element *element, const karma::common::i18n::I18n &i18n) {
m-kconfig/include/kconfig/i18n.hpp	I18n	karma::common::i18n::I18n	m-bz3/src/ui/frontends/rmlui/translate.cpp	105	\b(?:karma::)?common::i18n::I18n\b	void ApplyTranslations(Rml::Element *root, const karma::common::i18n::I18n &i18n) {
m-kconfig/include/kconfig/i18n.hpp	I18n	karma::common::i18n::I18n	m-bz3/src/ui/frontends/rmlui/translate.hpp	9	\b(?:karma::)?common::i18n::I18n\b	void ApplyTranslations(Rml::Element *root, const karma::common::i18n::I18n &i18n);
m-kconfig/include/kconfig/i18n.hpp	I18n	karma::common::i18n::I18n	m-karma/src/app/client/bootstrap.cpp	42	\b(?:karma::)?common::i18n::I18n\b	karma::common::i18n::Get().loadFromConfig(karma::common::i18n::I18n::RuntimeRole::Client);
m-kconfig/include/kconfig/i18n.hpp	I18n	karma::common::i18n::I18n	m-karma/src/app/server/bootstrap.cpp	39	\b(?:karma::)?common::i18n::I18n\b	karma::common::i18n::Get().loadFromConfig(karma::common::i18n::I18n::RuntimeRole::Server);
m-kconfig/include/kconfig/i18n.hpp	I18n	karma::common::i18n::I18n	m-karma/src/cli/client/parser.cpp	50	\b(?:karma::)?common::i18n::I18n\b	const std::string& RequireLocalized(const common::i18n::I18n& i18n, std::string_view key) {
m-kconfig/include/kconfig/i18n.hpp	I18n	karma::common::i18n::I18n	m-karma/src/cli/client/parser.cpp	59	\b(?:karma::)?common::i18n::I18n\b	const common::i18n::I18n& i18n,
m-kconfig/include/kconfig/i18n.hpp	I18n	karma::common::i18n::I18n	m-karma/src/cli/server/parser.cpp	46	\b(?:karma::)?common::i18n::I18n\b	const std::string& RequireLocalized(const common::i18n::I18n& i18n, std::string_view key) {
m-kconfig/include/kconfig/i18n.hpp	RuntimeRole	karma::common::i18n::I18n::RuntimeRole	m-karma/src/app/client/bootstrap.cpp	42	\b(?:karma::)?common::i18n::I18n::RuntimeRole\b	karma::common::i18n::Get().loadFromConfig(karma::common::i18n::I18n::RuntimeRole::Client);
m-kconfig/include/kconfig/i18n.hpp	RuntimeRole	karma::common::i18n::I18n::RuntimeRole	m-karma/src/app/server/bootstrap.cpp	39	\b(?:karma::)?common::i18n::I18n::RuntimeRole\b	karma::common::i18n::Get().loadFromConfig(karma::common::i18n::I18n::RuntimeRole::Server);
m-kconfig/include/kconfig/json.hpp	Value	karma::common::serialization::Value	m-bz3/src/server/net/event_source.cpp	96	\b(?:karma::)?common::serialization::Value\b	bool ReadDouble(const karma::common::serialization::Value& value, const char* key, double* out) {
m-kconfig/include/kconfig/json.hpp	Value	karma::common::serialization::Value	m-bz3/src/server/net/event_source.cpp	112	\b(?:karma::)?common::serialization::Value\b	bool ReadUint32(const karma::common::serialization::Value& value, const char* key, uint32_t* out) {
m-kconfig/include/kconfig/json.hpp	Value	karma::common::serialization::Value	m-bz3/src/server/net/event_source.cpp	132	\b(?:karma::)?common::serialization::Value\b	bool ReadFloat(const karma::common::serialization::Value& value, const char* key, float* out) {
m-kconfig/include/kconfig/json.hpp	Value	karma::common::serialization::Value	m-bz3/src/server/net/event_source.cpp	144	\b(?:karma::)?common::serialization::Value\b	bool ReadBool(const karma::common::serialization::Value& value, const char* key, bool* out) {
m-kconfig/include/kconfig/json.hpp	Value	karma::common::serialization::Value	m-bz3/src/tests/server_net_contract_test.cpp	91	\b(?:karma::)?common::serialization::Value\b	bool InitializeConfigForEvents(const karma::common::serialization::Value& startup_events, const char* suffix) {
m-kconfig/include/kconfig/json.hpp	Value	karma::common::serialization::Value	m-bz3/src/tests/server_net_contract_test.cpp	816	\b(?:karma::)?common::serialization::Value\b	"{karma::common::serialization::Value{{""type"", ""join""}, {""atSeconds"", 0.0}, {""clientId"", 23}}});"
m-kconfig/include/kconfig/json.hpp	Value	karma::common::serialization::Value	m-bz3/src/tests/server_net_contract_test.cpp	844	\b(?:karma::)?common::serialization::Value\b	"{karma::common::serialization::Value{{""type"", ""join""}, {""atSeconds"", 0.0}, {""clientId"", 24}}});"
m-kconfig/include/kconfig/json.hpp	Value	karma::common::serialization::Value	m-bz3/src/tests/server_net_contract_test.cpp	862	\b(?:karma::)?common::serialization::Value\b	"{karma::common::serialization::Value{{""type"", ""join""}, {""atSeconds"", 0.000}, {""clientId"", 2}, {""playerName"", ""mike""}},"
m-kconfig/include/kconfig/json.hpp	Value	karma::common::serialization::Value	m-bz3/src/tests/server_net_contract_test.cpp	863	\b(?:karma::)?common::serialization::Value\b	"karma::common::serialization::Value{{""type"", ""request_spawn""}, {""atSeconds"", 0.005}, {""clientId"", 2}},"
m-kconfig/include/kconfig/json.hpp	Value	karma::common::serialization::Value	m-bz3/src/tests/server_net_contract_test.cpp	864	\b(?:karma::)?common::serialization::Value\b	"karma::common::serialization::Value{{""type"", ""player_location""},"
m-kconfig/include/kconfig/json.hpp	Value	karma::common::serialization::Value	m-bz3/src/tests/server_net_contract_test.cpp	875	\b(?:karma::)?common::serialization::Value\b	"karma::common::serialization::Value{{""type"", ""create_shot""},"
m-kconfig/include/kconfig/json.hpp	Value	karma::common::serialization::Value	m-bz3/src/tests/server_net_contract_test.cpp	885	\b(?:karma::)?common::serialization::Value\b	"karma::common::serialization::Value{{""type"", ""leave""}, {""atSeconds"", 0.015}, {""clientId"", 2}}});"
m-kconfig/include/kconfig/json.hpp	Value	karma::common::serialization::Value	m-bz3/src/tests/server_net_contract_test.cpp	930	\b(?:karma::)?common::serialization::Value\b	"{karma::common::serialization::Value{{""type"", ""leave""}, {""atSeconds"", 0.030}, {""clientId"", 4}},"
m-kconfig/include/kconfig/json.hpp	Value	karma::common::serialization::Value	m-bz3/src/tests/server_net_contract_test.cpp	931	\b(?:karma::)?common::serialization::Value\b	"karma::common::serialization::Value{{""type"", ""create_shot""},"
m-kconfig/include/kconfig/json.hpp	Value	karma::common::serialization::Value	m-bz3/src/tests/server_net_contract_test.cpp	941	\b(?:karma::)?common::serialization::Value\b	"karma::common::serialization::Value{{""type"", ""join""}, {""atSeconds"", 0.020}, {""clientId"", 4}, {""playerName"", ""delta""}},"
m-kconfig/include/kconfig/json.hpp	Value	karma::common::serialization::Value	m-bz3/src/tests/server_net_contract_test.cpp	942	\b(?:karma::)?common::serialization::Value\b	"karma::common::serialization::Value{{""type"", ""request_spawn""}, {""atSeconds"", -5.0}, {""clientId"", 4}}});"
m-kconfig/include/kconfig/json.hpp	Value	karma::common::serialization::Value	m-bz3/src/tests/server_net_contract_test.cpp	977	\b(?:karma::)?common::serialization::Value\b	"{karma::common::serialization::Value{{""type"", ""join""}, {""atSeconds"", 0.0}, {""clientId"", 9}, {""playerName"", ""valid""}},"
m-kconfig/include/kconfig/json.hpp	Value	karma::common::serialization::Value	m-bz3/src/tests/server_net_contract_test.cpp	978	\b(?:karma::)?common::serialization::Value\b	"karma::common::serialization::Value{{""type"", ""request_spawn""}, {""atSeconds"", 0.0}},"
m-kconfig/include/kconfig/json.hpp	Value	karma::common::serialization::Value	m-bz3/src/tests/server_net_contract_test.cpp	979	\b(?:karma::)?common::serialization::Value\b	"karma::common::serialization::Value{{""type"", ""create_shot""},"
m-kconfig/include/kconfig/json.hpp	Value	karma::common::serialization::Value	m-bz3/src/tests/server_net_contract_test.cpp	989	\b(?:karma::)?common::serialization::Value\b	"karma::common::serialization::Value{{""type"", ""unknown""}, {""atSeconds"", 0.0}, {""clientId"", 9}}});"
m-kconfig/include/kconfig/json.hpp	Value	karma::common::serialization::Value	m-bz3/src/tests/server_net_contract_test.cpp	1011	\b(?:karma::)?common::serialization::Value\b	"{karma::common::serialization::Value{{""type"", ""join""},"
m-kconfig/include/kconfig/json.hpp	Value	karma::common::serialization::Value	m-bz3/src/ui/config/config.cpp	14	\b(?:karma::)?common::serialization::Value\b	const karma::common::serialization::Value* getValue(const char* path) {
m-kconfig/include/kconfig/json.hpp	Value	karma::common::serialization::Value	m-bz3/src/ui/config/ui_config.cpp	56	\b(?:karma::)?common::serialization::Value\b	const karma::common::serialization::Value *UiConfig::GetCommunityCredentials() {
m-kconfig/include/kconfig/json.hpp	Value	karma::common::serialization::Value	m-bz3/src/ui/config/ui_config.cpp	60	\b(?:karma::)?common::serialization::Value\b	bool UiConfig::SetCommunityCredentials(const karma::common::serialization::Value &value) {
m-kconfig/include/kconfig/json.hpp	Value	karma::common::serialization::Value	m-bz3/src/ui/config/ui_config.cpp	68	\b(?:karma::)?common::serialization::Value\b	std::optional<karma::common::serialization::Value> UiConfig::GetKeybindings() {
m-kconfig/include/kconfig/json.hpp	Value	karma::common::serialization::Value	m-bz3/src/ui/config/ui_config.cpp	72	\b(?:karma::)?common::serialization::Value\b	bool UiConfig::SetKeybindings(const karma::common::serialization::Value &value) {
m-kconfig/include/kconfig/json.hpp	Value	karma::common::serialization::Value	m-bz3/src/ui/config/ui_config.cpp	80	\b(?:karma::)?common::serialization::Value\b	std::optional<karma::common::serialization::Value> UiConfig::GetControllerKeybindings() {
m-kconfig/include/kconfig/json.hpp	Value	karma::common::serialization::Value	m-bz3/src/ui/config/ui_config.cpp	84	\b(?:karma::)?common::serialization::Value\b	bool UiConfig::SetControllerKeybindings(const karma::common::serialization::Value &value) {
m-kconfig/include/kconfig/json.hpp	Value	karma::common::serialization::Value	m-bz3/src/ui/config/ui_config.cpp	149	\b(?:karma::)?common::serialization::Value\b	const karma::common::serialization::Value array = karma::common::serialization::Array({value[0], value[1], value[2], value[3]});
m-kconfig/include/kconfig/json.hpp	Value	karma::common::serialization::Value	m-bz3/src/ui/config/ui_config.cpp	154	\b(?:karma::)?common::serialization::Value\b	const karma::common::serialization::Value array = karma::common::serialization::Array({value[0], value[1], value[2], value[3]});
m-kconfig/include/kconfig/json.hpp	Value	karma::common::serialization::Value	m-bz3/src/ui/config/ui_config.hpp	29	\b(?:karma::)?common::serialization::Value\b	static const karma::common::serialization::Value *GetCommunityCredentials();
m-kconfig/include/kconfig/json.hpp	Value	karma::common::serialization::Value	m-bz3/src/ui/config/ui_config.hpp	30	\b(?:karma::)?common::serialization::Value\b	static bool SetCommunityCredentials(const karma::common::serialization::Value &value);
m-kconfig/include/kconfig/json.hpp	Value	karma::common::serialization::Value	m-bz3/src/ui/config/ui_config.hpp	33	\b(?:karma::)?common::serialization::Value\b	static std::optional<karma::common::serialization::Value> GetKeybindings();
m-kconfig/include/kconfig/json.hpp	Value	karma::common::serialization::Value	m-bz3/src/ui/config/ui_config.hpp	34	\b(?:karma::)?common::serialization::Value\b	static bool SetKeybindings(const karma::common::serialization::Value &value);
m-kconfig/include/kconfig/json.hpp	Value	karma::common::serialization::Value	m-bz3/src/ui/config/ui_config.hpp	37	\b(?:karma::)?common::serialization::Value\b	static std::optional<karma::common::serialization::Value> GetControllerKeybindings();
m-kconfig/include/kconfig/json.hpp	Value	karma::common::serialization::Value	m-bz3/src/ui/config/ui_config.hpp	38	\b(?:karma::)?common::serialization::Value\b	static bool SetControllerKeybindings(const karma::common::serialization::Value &value);
m-kconfig/include/kconfig/json.hpp	Value	karma::common::serialization::Value	m-bz3/src/ui/controllers/bindings_controller.cpp	58	\b(?:karma::)?common::serialization::Value\b	const karma::common::serialization::Value *bindingsNode = nullptr;
m-kconfig/include/kconfig/json.hpp	Value	karma::common::serialization::Value	m-bz3/src/ui/controllers/bindings_controller.cpp	63	\b(?:karma::)?common::serialization::Value\b	const karma::common::serialization::Value *controllerNode = nullptr;
m-kconfig/include/kconfig/json.hpp	Value	karma::common::serialization::Value	m-bz3/src/ui/controllers/bindings_controller.cpp	135	\b(?:karma::)?common::serialization::Value\b	karma::common::serialization::Value keybindings = karma::common::serialization::Object();
m-kconfig/include/kconfig/json.hpp	Value	karma::common::serialization::Value	m-bz3/src/ui/controllers/bindings_controller.cpp	136	\b(?:karma::)?common::serialization::Value\b	karma::common::serialization::Value controllerBindings = karma::common::serialization::Object();
m-kconfig/include/kconfig/json.hpp	Value	karma::common::serialization::Value	m-bz3/src/ui/controllers/console_controller.cpp	62	\b(?:karma::)?common::serialization::Value\b	karma::common::serialization::Value creds = karma::common::serialization::Object();
m-kconfig/include/kconfig/json.hpp	Value	karma::common::serialization::Value	m-bz3/src/ui/frontends/imgui/console/console.cpp	583	\b(?:karma::)?common::serialization::Value\b	karma::common::serialization::Value creds = karma::common::serialization::Object();
m-kconfig/include/kconfig/json.hpp	Value	karma::common::serialization::Value	m-bz3/src/ui/frontends/imgui/console/panels/panel_start_server.cpp	324	\b(?:karma::)?common::serialization::Value\b	karma::common::serialization::Value configJson;
m-kconfig/include/kconfig/json.hpp	Value	karma::common::serialization::Value	m-bz3/src/ui/frontends/rmlui/console/panels/panel_start_server.cpp	1074	\b(?:karma::)?common::serialization::Value\b	karma::common::serialization::Value configJson;
m-kconfig/include/kconfig/json.hpp	Value	karma::common::serialization::Value	m-karma/src/app/shared/config_overrides.cpp	20	\b(?:karma::)?common::serialization::Value\b	karma::common::serialization::Value overlay = karma::common::serialization::Object();
m-kconfig/include/kconfig/json.hpp	Value	karma::common::serialization::Value	m-karma/src/app/shared/config_overrides.cpp	69	\b(?:karma::)?common::serialization::Value\b	const auto decoded = karma::common::serialization::Value::parse(
m-kconfig/include/kconfig/json.hpp	Value	karma::common::serialization::Value	m-karma/src/app/shared/config_overrides.cpp	225	\b(?:karma::)?common::serialization::Value\b	auto assignPathValue = [](karma::common::serialization::Value* root,
m-kconfig/include/kconfig/json.hpp	Value	karma::common::serialization::Value	m-karma/src/app/shared/config_overrides.cpp	227	\b(?:karma::)?common::serialization::Value\b	const karma::common::serialization::Value& value,
m-kconfig/include/kconfig/json.hpp	Value	karma::common::serialization::Value	m-karma/src/app/shared/config_overrides.cpp	248	\b(?:karma::)?common::serialization::Value\b	karma::common::serialization::Value* current = root;
m-kconfig/include/kconfig/json.hpp	Value	karma::common::serialization::Value	m-karma/src/app/shared/config_overrides.cpp	291	\b(?:karma::)?common::serialization::Value\b	karma::common::serialization::Value parsed_value{};
m-kconfig/include/kconfig/json.hpp	Value	karma::common::serialization::Value	m-karma/src/app/shared/config_overrides.cpp	293	\b(?:karma::)?common::serialization::Value\b	parsed_value = karma::common::serialization::Value::parse(std::string(value_text));
m-kconfig/include/kconfig/json.hpp	Value	karma::common::serialization::Value	m-karma/src/common/content/archive.cpp	274	\b(?:karma::)?common::serialization::Value\b	std::optional<karma::common::serialization::Value> ReadWorldJsonFile(const fs::path& path) {
m-kconfig/include/kconfig/json.hpp	Value	karma::common::serialization::Value	m-karma/src/common/content/archive.cpp	285	\b(?:karma::)?common::serialization::Value\b	karma::common::serialization::Value data;
m-kconfig/include/kconfig/json.hpp	Value	karma::common::serialization::Value	m-karma/src/common/content/archive.hpp	13	\b(?:karma::)?common::serialization::Value\b	std::optional<karma::common::serialization::Value> ReadWorldJsonFile(const std::filesystem::path& path);
m-kconfig/include/kconfig/json.hpp	Value	karma::common::serialization::Value	m-karma/src/common/content/catalog.cpp	18	\b(?:karma::)?common::serialization::Value\b	void AssetCatalog::mergeFromJson(const karma::common::serialization::Value& assets_json,
m-kconfig/include/kconfig/json.hpp	Value	karma::common::serialization::Value	m-karma/src/common/content/catalog.cpp	50	\b(?:karma::)?common::serialization::Value\b	void WorldContent::mergeLayer(const karma::common::serialization::Value& layer_json,
m-kconfig/include/kconfig/json.hpp	Value	karma::common::serialization::Value	m-karma/src/common/content/catalog.cpp	71	\b(?:karma::)?common::serialization::Value\b	const std::optional<karma::common::serialization::Value>& world_config,
m-kconfig/include/kconfig/json.hpp	Value	karma::common::serialization::Value	m-karma/src/common/content/catalog.cpp	88	\b(?:karma::)?common::serialization::Value\b	karma::common::serialization::Value merged_config = karma::common::serialization::Object();
m-kconfig/include/kconfig/json.hpp	Value	karma::common::serialization::Value	m-karma/src/common/tests/config_store_named_api_test.cpp	61	\b(?:karma::)?common::serialization::Value\b	bool ExpectInt(const std::optional<karma::common::serialization::Value> &value,
m-kconfig/include/kconfig/json.hpp	Value	karma::common::serialization::Value	m-karma/src/common/tests/data_path_contract_test.cpp	113	\b(?:karma::)?common::serialization::Value\b	using karma::common::serialization::Value;
m-kconfig/include/kconfig/json.hpp	Value	karma::common::serialization::Value	m-karma/src/common/tests/data_path_contract_test.cpp	147	\b(?:karma::)?common::serialization::Value\b	using karma::common::serialization::Value;
m-kconfig/include/kconfig/json.hpp	Value	karma::common::serialization::Value	m-karma/src/input/input_system.cpp	372	\b(?:karma::)?common::serialization::Value\b	void LoadBindingSection(const karma::common::serialization::Value& section,
m-kconfig/include/kconfig/json.hpp	Value	karma::common::serialization::Value	m-karma/src/karma/common/content/catalog.hpp	21	\b(?:karma::)?common::serialization::Value\b	void mergeFromJson(const karma::common::serialization::Value& assets_json, const std::filesystem::path& base_dir);
m-kconfig/include/kconfig/json.hpp	Value	karma::common::serialization::Value	m-karma/src/karma/common/content/catalog.hpp	29	\b(?:karma::)?common::serialization::Value\b	karma::common::serialization::Value config;
m-kconfig/include/kconfig/json.hpp	Value	karma::common::serialization::Value	m-karma/src/karma/common/content/catalog.hpp	32	\b(?:karma::)?common::serialization::Value\b	void mergeLayer(const karma::common::serialization::Value& layer_json, const std::filesystem::path& base_dir);
m-kconfig/include/kconfig/json.hpp	Value	karma::common::serialization::Value	m-karma/src/karma/common/content/catalog.hpp	37	\b(?:karma::)?common::serialization::Value\b	const std::optional<karma::common::serialization::Value>& world_config,
m-kconfig/include/kconfig/json.hpp	Value	karma::common::serialization::Value	m-karma/src/network/auth/structured_payload.cpp	35	\b(?:karma::)?common::serialization::Value\b	karma::common::serialization::Value auth = karma::common::serialization::Object();
m-kconfig/include/kconfig/json.hpp	Value	karma::common::serialization::Value	m-karma/src/network/client/auth/community_credentials.cpp	79	\b(?:karma::)?common::serialization::Value\b	std::optional<CommunityCredential> ReadCommunityCredentialEntry(const karma::common::serialization::Value& credentials,
m-kconfig/include/kconfig/json.hpp	Value	karma::common::serialization::Value	m-karma/src/network/community/heartbeat.cpp	39	\b(?:karma::)?common::serialization::Value\b	void CommunityHeartbeat::configureFromConfig(const karma::common::serialization::Value& merged_config,
m-kconfig/include/kconfig/json.hpp	Value	karma::common::serialization::Value	m-karma/src/physics/tests/parity/engine_sync_checks.cpp	300	\b(?:karma::)?common::serialization::Value\b	static bool bindingsAreValid(const karma::common::serialization::Value* bindings) {
m-kconfig/include/kconfig/json.hpp	Value	karma::common::serialization::Value	m-karma/src/physics/tests/parity/engine_sync_checks.cpp	307	\b(?:karma::)?common::serialization::Value\b	static karma::common::serialization::Value makeFallbackBindings() {
m-kconfig/include/kconfig/json.hpp	Value	karma::common::serialization::Value	m-karma/src/physics/tests/parity/engine_sync_checks.cpp	332	\b(?:karma::)?common::serialization::Value\b	std::optional<karma::common::serialization::Value> previous_bindings_{};
m-kconfig/include/kconfig/json.hpp	Value	karma::common::serialization::Value	m-karma/src/scene/scene_bootstrap.cpp	23	\b(?:karma::)?common::serialization::Value\b	std::string DescribeJsonValue(const karma::common::serialization::Value* value) {
m-kconfig/include/kconfig/store.hpp	ConfigFileSpec	karma::common::config::ConfigFileSpec	m-karma/src/karma/app/shared/bootstrap_spec.hpp	19	\b(?:karma::)?common::config::ConfigFileSpec\b	std::vector<common::config::ConfigFileSpec> config_specs{};
m-kconfig/include/kconfig/store.hpp	ConfigFileSpec	karma::common::config::ConfigFileSpec	m-karma/src/physics/tests/parity/engine_sync_checks.cpp	203	\b(?:karma::)?common::config::ConfigFileSpec\b	using karma::common::config::ConfigFileSpec;
m-kconfig/include/kconfig/store.hpp	ConfigStore	karma::common::config::ConfigStore	m-bz3/src/client/net/world_package/apply.cpp	68	\b(?:karma::)?common::config::ConfigStore\b	static_cast<void>(karma::common::config::ConfigStore::RemoveRuntimeLayer(kRuntimeLayerLabel));
m-kconfig/include/kconfig/store.hpp	ConfigStore	karma::common::config::ConfigStore	m-bz3/src/client/net/world_package/apply.cpp	125	\b(?:karma::)?common::config::ConfigStore\b	static_cast<void>(karma::common::config::ConfigStore::RemoveRuntimeLayer(kRuntimeLayerLabel));
m-kconfig/include/kconfig/store.hpp	ConfigStore	karma::common::config::ConfigStore	m-bz3/src/client/net/world_package/apply.cpp	130	\b(?:karma::)?common::config::ConfigStore\b	!karma::common::config::ConfigStore::AddRuntimeLayer(kRuntimeLayerLabel,
m-kconfig/include/kconfig/store.hpp	ConfigStore	karma::common::config::ConfigStore	m-bz3/src/client/runtime/tank_collision.cpp	148	\b(?:karma::)?common::config::ConfigStore\b	"const auto world_path = karma::common::config::ConfigStore::ResolveAssetPath(""assets.models.world"", {});"
m-kconfig/include/kconfig/store.hpp	ConfigStore	karma::common::config::ConfigStore	m-bz3/src/client/runtime/tank_entity.cpp	37	\b(?:karma::)?common::config::ConfigStore\b	"const auto model_path = karma::common::config::ConfigStore::ResolveAssetPath(""assets.models.playerModel"", {});"
m-kconfig/include/kconfig/store.hpp	ConfigStore	karma::common::config::ConfigStore	m-bz3/src/server/net/event_source.cpp	171	\b(?:karma::)?common::config::ConfigStore\b	"const auto* events_value = karma::common::config::ConfigStore::Get(""server.startupEvents"");"
m-kconfig/include/kconfig/store.hpp	ConfigStore	karma::common::config::ConfigStore	m-bz3/src/server/runtime/config.cpp	47	\b(?:karma::)?common::config::ConfigStore\b	community_heartbeat->configureFromConfig(karma::common::config::ConfigStore::Merged(),
m-kconfig/include/kconfig/store.hpp	ConfigStore	karma::common::config::ConfigStore	m-bz3/src/server/runtime/server_game.cpp	738	\b(?:karma::)?common::config::ConfigStore\b	"const auto world_path = karma::common::config::ConfigStore::ResolveAssetPath(""assets.models.world"", {});"
m-kconfig/include/kconfig/store.hpp	ConfigStore	karma::common::config::ConfigStore	m-bz3/src/tests/client_world_package_safety_integration_test.cpp	508	\b(?:karma::)?common::config::ConfigStore\b	karma::common::config::ConfigStore::Initialize({}, config_path);
m-kconfig/include/kconfig/store.hpp	ConfigStore	karma::common::config::ConfigStore	m-bz3/src/tests/client_world_package_safety_integration_test.cpp	509	\b(?:karma::)?common::config::ConfigStore\b	"(void)karma::common::config::ConfigStore::Set(""client.config.SaveIntervalSeconds"", 5.0);"
m-kconfig/include/kconfig/store.hpp	ConfigStore	karma::common::config::ConfigStore	m-bz3/src/tests/client_world_package_safety_integration_test.cpp	510	\b(?:karma::)?common::config::ConfigStore\b	"(void)karma::common::config::ConfigStore::Set(""client.config.MergeIntervalSeconds"", 5.0);"
m-kconfig/include/kconfig/store.hpp	ConfigStore	karma::common::config::ConfigStore	m-bz3/src/tests/client_world_package_safety_integration_test.cpp	698	\b(?:karma::)?common::config::ConfigStore\b	karma::common::config::ConfigStore::Initialize({}, config_path);
m-kconfig/include/kconfig/store.hpp	ConfigStore	karma::common::config::ConfigStore	m-bz3/src/tests/client_world_package_safety_integration_test.cpp	699	\b(?:karma::)?common::config::ConfigStore\b	"(void)karma::common::config::ConfigStore::Set(""client.config.SaveIntervalSeconds"", 5.0);"
m-kconfig/include/kconfig/store.hpp	ConfigStore	karma::common::config::ConfigStore	m-bz3/src/tests/client_world_package_safety_integration_test.cpp	700	\b(?:karma::)?common::config::ConfigStore\b	"(void)karma::common::config::ConfigStore::Set(""client.config.MergeIntervalSeconds"", 5.0);"
m-kconfig/include/kconfig/store.hpp	ConfigStore	karma::common::config::ConfigStore	m-bz3/src/tests/client_world_package_safety_integration_test.cpp	799	\b(?:karma::)?common::config::ConfigStore\b	karma::common::config::ConfigStore::Initialize({}, config_path);
m-kconfig/include/kconfig/store.hpp	ConfigStore	karma::common::config::ConfigStore	m-bz3/src/tests/client_world_package_safety_integration_test.cpp	800	\b(?:karma::)?common::config::ConfigStore\b	"(void)karma::common::config::ConfigStore::Set(""client.config.SaveIntervalSeconds"", 5.0);"
m-kconfig/include/kconfig/store.hpp	ConfigStore	karma::common::config::ConfigStore	m-bz3/src/tests/client_world_package_safety_integration_test.cpp	801	\b(?:karma::)?common::config::ConfigStore\b	"(void)karma::common::config::ConfigStore::Set(""client.config.MergeIntervalSeconds"", 5.0);"
m-kconfig/include/kconfig/store.hpp	ConfigStore	karma::common::config::ConfigStore	m-bz3/src/tests/client_world_package_safety_integration_test.cpp	920	\b(?:karma::)?common::config::ConfigStore\b	karma::common::config::ConfigStore::Initialize({}, config_path);
m-kconfig/include/kconfig/store.hpp	ConfigStore	karma::common::config::ConfigStore	m-bz3/src/tests/client_world_package_safety_integration_test.cpp	921	\b(?:karma::)?common::config::ConfigStore\b	"(void)karma::common::config::ConfigStore::Set(""client.config.SaveIntervalSeconds"", 5.0);"
m-kconfig/include/kconfig/store.hpp	ConfigStore	karma::common::config::ConfigStore	m-bz3/src/tests/client_world_package_safety_integration_test.cpp	922	\b(?:karma::)?common::config::ConfigStore\b	"(void)karma::common::config::ConfigStore::Set(""client.config.MergeIntervalSeconds"", 5.0);"
m-kconfig/include/kconfig/store.hpp	ConfigStore	karma::common::config::ConfigStore	m-bz3/src/tests/client_world_package_safety_integration_test.cpp	1112	\b(?:karma::)?common::config::ConfigStore\b	karma::common::config::ConfigStore::Initialize({}, config_path);
m-kconfig/include/kconfig/store.hpp	ConfigStore	karma::common::config::ConfigStore	m-bz3/src/tests/client_world_package_safety_integration_test.cpp	1113	\b(?:karma::)?common::config::ConfigStore\b	"(void)karma::common::config::ConfigStore::Set(""client.config.SaveIntervalSeconds"", 5.0);"
m-kconfig/include/kconfig/store.hpp	ConfigStore	karma::common::config::ConfigStore	m-bz3/src/tests/client_world_package_safety_integration_test.cpp	1114	\b(?:karma::)?common::config::ConfigStore\b	"(void)karma::common::config::ConfigStore::Set(""client.config.MergeIntervalSeconds"", 5.0);"
m-kconfig/include/kconfig/store.hpp	ConfigStore	karma::common::config::ConfigStore	m-bz3/src/tests/client_world_package_safety_integration_test.cpp	1365	\b(?:karma::)?common::config::ConfigStore\b	karma::common::config::ConfigStore::Initialize({}, config_path);
m-kconfig/include/kconfig/store.hpp	ConfigStore	karma::common::config::ConfigStore	m-bz3/src/tests/client_world_package_safety_integration_test.cpp	1366	\b(?:karma::)?common::config::ConfigStore\b	"(void)karma::common::config::ConfigStore::Set(""client.config.SaveIntervalSeconds"", 5.0);"
m-kconfig/include/kconfig/store.hpp	ConfigStore	karma::common::config::ConfigStore	m-bz3/src/tests/client_world_package_safety_integration_test.cpp	1367	\b(?:karma::)?common::config::ConfigStore\b	"(void)karma::common::config::ConfigStore::Set(""client.config.MergeIntervalSeconds"", 5.0);"
m-kconfig/include/kconfig/store.hpp	ConfigStore	karma::common::config::ConfigStore	m-bz3/src/tests/client_world_package_safety_integration_test.cpp	1612	\b(?:karma::)?common::config::ConfigStore\b	karma::common::config::ConfigStore::Initialize({}, config_path);
m-kconfig/include/kconfig/store.hpp	ConfigStore	karma::common::config::ConfigStore	m-bz3/src/tests/client_world_package_safety_integration_test.cpp	1613	\b(?:karma::)?common::config::ConfigStore\b	"(void)karma::common::config::ConfigStore::Set(""client.config.SaveIntervalSeconds"", 5.0);"
m-kconfig/include/kconfig/store.hpp	ConfigStore	karma::common::config::ConfigStore	m-bz3/src/tests/client_world_package_safety_integration_test.cpp	1614	\b(?:karma::)?common::config::ConfigStore\b	"(void)karma::common::config::ConfigStore::Set(""client.config.MergeIntervalSeconds"", 5.0);"
m-kconfig/include/kconfig/store.hpp	ConfigStore	karma::common::config::ConfigStore	m-bz3/src/tests/community_heartbeat_integration_test.cpp	37	\b(?:karma::)?common::config::ConfigStore\b	karma::common::config::ConfigStore::Initialize({});
m-kconfig/include/kconfig/store.hpp	ConfigStore	karma::common::config::ConfigStore	m-bz3/src/tests/community_heartbeat_integration_test.cpp	38	\b(?:karma::)?common::config::ConfigStore\b	"if (!karma::common::config::ConfigStore::Set(""server.clients.Max"", 20)"
m-kconfig/include/kconfig/store.hpp	ConfigStore	karma::common::config::ConfigStore	m-bz3/src/tests/community_heartbeat_integration_test.cpp	39	\b(?:karma::)?common::config::ConfigStore\b	"|| !karma::common::config::ConfigStore::Set(""community.Enabled"", true)"
m-kconfig/include/kconfig/store.hpp	ConfigStore	karma::common::config::ConfigStore	m-bz3/src/tests/community_heartbeat_integration_test.cpp	40	\b(?:karma::)?common::config::ConfigStore\b	"|| !karma::common::config::ConfigStore::Set(""community.ServerUrl"", ""http://localhost:8080"")"
m-kconfig/include/kconfig/store.hpp	ConfigStore	karma::common::config::ConfigStore	m-bz3/src/tests/community_heartbeat_integration_test.cpp	41	\b(?:karma::)?common::config::ConfigStore\b	"|| !karma::common::config::ConfigStore::Set(""community.HeartbeatIntervalSeconds"", 5)"
m-kconfig/include/kconfig/store.hpp	ConfigStore	karma::common::config::ConfigStore	m-bz3/src/tests/community_heartbeat_integration_test.cpp	42	\b(?:karma::)?common::config::ConfigStore\b	"|| !karma::common::config::ConfigStore::Set(""community.AdvertiseHost"", """")) {"
m-kconfig/include/kconfig/store.hpp	ConfigStore	karma::common::config::ConfigStore	m-bz3/src/tests/community_heartbeat_integration_test.cpp	49	\b(?:karma::)?common::config::ConfigStore\b	heartbeat.configureFromConfig(karma::common::config::ConfigStore::Merged(),
m-kconfig/include/kconfig/store.hpp	ConfigStore	karma::common::config::ConfigStore	m-bz3/src/tests/server_net_contract_test.cpp	92	\b(?:karma::)?common::config::ConfigStore\b	karma::common::config::ConfigStore::Initialize({}, MakeTestConfigPath(suffix));
m-kconfig/include/kconfig/store.hpp	ConfigStore	karma::common::config::ConfigStore	m-bz3/src/tests/server_net_contract_test.cpp	93	\b(?:karma::)?common::config::ConfigStore\b	"return karma::common::config::ConfigStore::Set(""server.startupEvents"", startup_events);"
m-kconfig/include/kconfig/store.hpp	ConfigStore	karma::common::config::ConfigStore	m-bz3/src/tests/server_net_contract_test.cpp	97	\b(?:karma::)?common::config::ConfigStore\b	return karma::common::config::ConfigStore::Set(
m-kconfig/include/kconfig/store.hpp	ConfigStore	karma::common::config::ConfigStore	m-bz3/src/tests/server_net_contract_test.cpp	155	\b(?:karma::)?common::config::ConfigStore\b	karma::common::config::ConfigStore::Initialize({}, MakeTestConfigPath(suffix));
m-kconfig/include/kconfig/store.hpp	ConfigStore	karma::common::config::ConfigStore	m-bz3/src/tests/server_net_contract_test.cpp	156	\b(?:karma::)?common::config::ConfigStore\b	"return karma::common::config::ConfigStore::Set(""server.network.TransportBackend"","
m-kconfig/include/kconfig/store.hpp	ConfigStore	karma::common::config::ConfigStore	m-bz3/src/tests/server_net_contract_test.cpp	158	\b(?:karma::)?common::config::ConfigStore\b	"&& karma::common::config::ConfigStore::Set(""server.network.ChannelCount"","
m-kconfig/include/kconfig/store.hpp	ConfigStore	karma::common::config::ConfigStore	m-bz3/src/tests/server_net_contract_test.cpp	160	\b(?:karma::)?common::config::ConfigStore\b	"&& karma::common::config::ConfigStore::Set(""server.network.transport.DefaultBackend"","
m-kconfig/include/kconfig/store.hpp	ConfigStore	karma::common::config::ConfigStore	m-bz3/src/tests/server_net_contract_test.cpp	162	\b(?:karma::)?common::config::ConfigStore\b	"&& karma::common::config::ConfigStore::Set(""server.network.transport.MaxClients"","
m-kconfig/include/kconfig/store.hpp	ConfigStore	karma::common::config::ConfigStore	m-bz3/src/tests/server_net_contract_test.cpp	164	\b(?:karma::)?common::config::ConfigStore\b	"&& karma::common::config::ConfigStore::Set(""server.network.transport.FirstClientId"","
m-kconfig/include/kconfig/store.hpp	ConfigStore	karma::common::config::ConfigStore	m-bz3/src/tests/server_net_contract_test.cpp	166	\b(?:karma::)?common::config::ConfigStore\b	"&& karma::common::config::ConfigStore::Set(""server.network.BindHost"","
m-kconfig/include/kconfig/store.hpp	ConfigStore	karma::common::config::ConfigStore	m-bz3/src/tests/server_net_contract_test.cpp	168	\b(?:karma::)?common::config::ConfigStore\b	"&& karma::common::config::ConfigStore::Set(""server.network.transport.enet.ReliableChannel"","
m-kconfig/include/kconfig/store.hpp	ConfigStore	karma::common::config::ConfigStore	m-bz3/src/tests/server_net_contract_test.cpp	170	\b(?:karma::)?common::config::ConfigStore\b	"&& karma::common::config::ConfigStore::Set(""server.network.transport.enet.IncomingBandwidthBytesPerSec"","
m-kconfig/include/kconfig/store.hpp	ConfigStore	karma::common::config::ConfigStore	m-bz3/src/tests/server_net_contract_test.cpp	172	\b(?:karma::)?common::config::ConfigStore\b	"&& karma::common::config::ConfigStore::Set(""server.network.transport.enet.OutgoingBandwidthBytesPerSec"","
m-kconfig/include/kconfig/store.hpp	ConfigStore	karma::common::config::ConfigStore	m-bz3/src/tests/server_net_contract_test.cpp	223	\b(?:karma::)?common::config::ConfigStore\b	"karma::common::config::ConfigStore::Initialize({}, MakeTestConfigPath(""join-fallback-prefix""));"
m-kconfig/include/kconfig/store.hpp	ConfigStore	karma::common::config::ConfigStore	m-bz3/src/tests/server_net_contract_test.cpp	252	\b(?:karma::)?common::config::ConfigStore\b	"karma::common::config::ConfigStore::Initialize({}, MakeTestConfigPath(""join-fallback-missing-prefix""));"
m-kconfig/include/kconfig/store.hpp	ConfigStore	karma::common::config::ConfigStore	m-bz3/src/tests/server_net_contract_test.cpp	283	\b(?:karma::)?common::config::ConfigStore\b	"karma::common::config::ConfigStore::Initialize({}, MakeTestConfigPath(""join-fallback-invalid-prefix""));"
m-kconfig/include/kconfig/store.hpp	ConfigStore	karma::common::config::ConfigStore	m-bz3/src/tests/support/loopback_harness.hpp	55	\b(?:karma::)?common::config::ConfigStore\b	karma::common::config::ConfigStore::Initialize({}, MakeTestConfigPath(prefix, suffix));
m-kconfig/include/kconfig/store.hpp	ConfigStore	karma::common::config::ConfigStore	m-bz3/src/tests/support/loopback_harness.hpp	56	\b(?:karma::)?common::config::ConfigStore\b	"(void)karma::common::config::ConfigStore::Set(""client.config.SaveIntervalSeconds"", 5.0);"
m-kconfig/include/kconfig/store.hpp	ConfigStore	karma::common::config::ConfigStore	m-bz3/src/tests/support/loopback_harness.hpp	57	\b(?:karma::)?common::config::ConfigStore\b	"(void)karma::common::config::ConfigStore::Set(""client.config.MergeIntervalSeconds"", 5.0);"
m-kconfig/include/kconfig/store.hpp	ConfigStore	karma::common::config::ConfigStore	m-bz3/src/tests/support/loopback_harness.hpp	58	\b(?:karma::)?common::config::ConfigStore\b	"(void)karma::common::config::ConfigStore::Set(""server.network.ChannelCount"", 2);"
m-kconfig/include/kconfig/store.hpp	ConfigStore	karma::common::config::ConfigStore	m-bz3/src/tests/support/loopback_harness.hpp	59	\b(?:karma::)?common::config::ConfigStore\b	"(void)karma::common::config::ConfigStore::Set(""server.network.transport.MaxClients"", 50);"
m-kconfig/include/kconfig/store.hpp	ConfigStore	karma::common::config::ConfigStore	m-bz3/src/tests/support/loopback_harness.hpp	60	\b(?:karma::)?common::config::ConfigStore\b	"(void)karma::common::config::ConfigStore::Set(""server.network.transport.FirstClientId"", 2);"
m-kconfig/include/kconfig/store.hpp	ConfigStore	karma::common::config::ConfigStore	m-bz3/src/ui/config/config.cpp	15	\b(?:karma::)?common::config::ConfigStore\b	const auto* value = karma::common::config::ConfigStore::Get(path);
m-kconfig/include/kconfig/store.hpp	ConfigStore	karma::common::config::ConfigStore	m-bz3/src/ui/config/render_scale.cpp	14	\b(?:karma::)?common::config::ConfigStore\b	const uint64_t revision = karma::common::config::ConfigStore::Revision();
m-kconfig/include/kconfig/store.hpp	ConfigStore	karma::common::config::ConfigStore	m-bz3/src/ui/config/ui_config.cpp	16	\b(?:karma::)?common::config::ConfigStore\b	"return karma::common::config::ConfigStore::Set(""render.brightness"", value);"
m-kconfig/include/kconfig/store.hpp	ConfigStore	karma::common::config::ConfigStore	m-bz3/src/ui/config/ui_config.cpp	20	\b(?:karma::)?common::config::ConfigStore\b	"return karma::common::config::ConfigStore::Erase(""render.brightness"");"
m-kconfig/include/kconfig/store.hpp	ConfigStore	karma::common::config::ConfigStore	m-bz3/src/ui/config/ui_config.cpp	28	\b(?:karma::)?common::config::ConfigStore\b	"return karma::common::config::ConfigStore::Set(""graphics.VSync"", value);"
m-kconfig/include/kconfig/store.hpp	ConfigStore	karma::common::config::ConfigStore	m-bz3/src/ui/config/ui_config.cpp	36	\b(?:karma::)?common::config::ConfigStore\b	"return karma::common::config::ConfigStore::Set(""ui.RenderScale"", value);"
m-kconfig/include/kconfig/store.hpp	ConfigStore	karma::common::config::ConfigStore	m-bz3/src/ui/config/ui_config.cpp	40	\b(?:karma::)?common::config::ConfigStore\b	"return karma::common::config::ConfigStore::Erase(""ui.RenderScale"");"
m-kconfig/include/kconfig/store.hpp	ConfigStore	karma::common::config::ConfigStore	m-bz3/src/ui/config/ui_config.cpp	44	\b(?:karma::)?common::config::ConfigStore\b	"if (const auto *value = karma::common::config::ConfigStore::Get(""client.Language"")) {"
m-kconfig/include/kconfig/store.hpp	ConfigStore	karma::common::config::ConfigStore	m-bz3/src/ui/config/ui_config.cpp	53	\b(?:karma::)?common::config::ConfigStore\b	"return karma::common::config::ConfigStore::Set(""client.Language"", value);"
m-kconfig/include/kconfig/store.hpp	ConfigStore	karma::common::config::ConfigStore	m-bz3/src/ui/config/ui_config.cpp	57	\b(?:karma::)?common::config::ConfigStore\b	"return karma::common::config::ConfigStore::Get(""gui.communityCredentials"");"
m-kconfig/include/kconfig/store.hpp	ConfigStore	karma::common::config::ConfigStore	m-bz3/src/ui/config/ui_config.cpp	61	\b(?:karma::)?common::config::ConfigStore\b	"return karma::common::config::ConfigStore::Set(""gui.communityCredentials"", value);"
m-kconfig/include/kconfig/store.hpp	ConfigStore	karma::common::config::ConfigStore	m-bz3/src/ui/config/ui_config.cpp	65	\b(?:karma::)?common::config::ConfigStore\b	"return karma::common::config::ConfigStore::Erase(""gui.communityCredentials"");"
m-kconfig/include/kconfig/store.hpp	ConfigStore	karma::common::config::ConfigStore	m-bz3/src/ui/config/ui_config.cpp	69	\b(?:karma::)?common::config::ConfigStore\b	"return karma::common::config::ConfigStore::GetCopy(""keybindings"");"
m-kconfig/include/kconfig/store.hpp	ConfigStore	karma::common::config::ConfigStore	m-bz3/src/ui/config/ui_config.cpp	73	\b(?:karma::)?common::config::ConfigStore\b	"return karma::common::config::ConfigStore::Set(""keybindings"", value);"
m-kconfig/include/kconfig/store.hpp	ConfigStore	karma::common::config::ConfigStore	m-bz3/src/ui/config/ui_config.cpp	77	\b(?:karma::)?common::config::ConfigStore\b	"return karma::common::config::ConfigStore::Erase(""keybindings"");"
m-kconfig/include/kconfig/store.hpp	ConfigStore	karma::common::config::ConfigStore	m-bz3/src/ui/config/ui_config.cpp	81	\b(?:karma::)?common::config::ConfigStore\b	"return karma::common::config::ConfigStore::GetCopy(""gui.keybindings.controller"");"
m-kconfig/include/kconfig/store.hpp	ConfigStore	karma::common::config::ConfigStore	m-bz3/src/ui/config/ui_config.cpp	85	\b(?:karma::)?common::config::ConfigStore\b	"return karma::common::config::ConfigStore::Set(""gui.keybindings.controller"", value);"
m-kconfig/include/kconfig/store.hpp	ConfigStore	karma::common::config::ConfigStore	m-bz3/src/ui/config/ui_config.cpp	89	\b(?:karma::)?common::config::ConfigStore\b	"return karma::common::config::ConfigStore::Erase(""gui.keybindings.controller"");"
m-kconfig/include/kconfig/store.hpp	ConfigStore	karma::common::config::ConfigStore	m-bz3/src/ui/config/ui_config.cpp	129	\b(?:karma::)?common::config::ConfigStore\b	"return karma::common::config::ConfigStore::Set(""ui.hud.scoreboard"", value);"
m-kconfig/include/kconfig/store.hpp	ConfigStore	karma::common::config::ConfigStore	m-bz3/src/ui/config/ui_config.cpp	133	\b(?:karma::)?common::config::ConfigStore\b	"return karma::common::config::ConfigStore::Set(""ui.hud.chat"", value);"
m-kconfig/include/kconfig/store.hpp	ConfigStore	karma::common::config::ConfigStore	m-bz3/src/ui/config/ui_config.cpp	137	\b(?:karma::)?common::config::ConfigStore\b	"return karma::common::config::ConfigStore::Set(""ui.hud.radar"", value);"
m-kconfig/include/kconfig/store.hpp	ConfigStore	karma::common::config::ConfigStore	m-bz3/src/ui/config/ui_config.cpp	141	\b(?:karma::)?common::config::ConfigStore\b	"return karma::common::config::ConfigStore::Set(""ui.hud.fps"", value);"
m-kconfig/include/kconfig/store.hpp	ConfigStore	karma::common::config::ConfigStore	m-bz3/src/ui/config/ui_config.cpp	145	\b(?:karma::)?common::config::ConfigStore\b	"return karma::common::config::ConfigStore::Set(""ui.hud.crosshair"", value);"
m-kconfig/include/kconfig/store.hpp	ConfigStore	karma::common::config::ConfigStore	m-bz3/src/ui/config/ui_config.cpp	150	\b(?:karma::)?common::config::ConfigStore\b	"return karma::common::config::ConfigStore::Set(""ui.hud.backgroundColor"", array);"
m-kconfig/include/kconfig/store.hpp	ConfigStore	karma::common::config::ConfigStore	m-bz3/src/ui/config/ui_config.cpp	155	\b(?:karma::)?common::config::ConfigStore\b	"return karma::common::config::ConfigStore::Set(""ui.hud.textColor"", array);"
m-kconfig/include/kconfig/store.hpp	ConfigStore	karma::common::config::ConfigStore	m-bz3/src/ui/config/ui_config.cpp	159	\b(?:karma::)?common::config::ConfigStore\b	"return karma::common::config::ConfigStore::Set(""ui.hud.textScale"", value);"
m-kconfig/include/kconfig/store.hpp	ConfigStore	karma::common::config::ConfigStore	m-bz3/src/ui/controllers/bindings_controller.cpp	52	\b(?:karma::)?common::config::ConfigStore\b	if (!karma::common::config::ConfigStore::Initialized()) {
m-kconfig/include/kconfig/store.hpp	ConfigStore	karma::common::config::ConfigStore	m-bz3/src/ui/controllers/bindings_controller.cpp	174	\b(?:karma::)?common::config::ConfigStore\b	if (!karma::common::config::ConfigStore::Initialized()) {
m-kconfig/include/kconfig/store.hpp	ConfigStore	karma::common::config::ConfigStore	m-bz3/src/ui/core/system.cpp	21	\b(?:karma::)?common::config::ConfigStore\b	const uint64_t revision = karma::common::config::ConfigStore::Revision();
m-kconfig/include/kconfig/store.hpp	ConfigStore	karma::common::config::ConfigStore	m-bz3/src/ui/fonts/console_fonts.cpp	16	\b(?:karma::)?common::config::ConfigStore\b	"if (const auto *extras = karma::common::config::ConfigStore::Get(""assets.hud.fonts.console.Extras"")) {"
m-kconfig/include/kconfig/store.hpp	ConfigStore	karma::common::config::ConfigStore	m-bz3/src/ui/frontends/imgui/console/console.cpp	40	\b(?:karma::)?common::config::ConfigStore\b	const auto *value = karma::common::config::ConfigStore::Get(path);
m-kconfig/include/kconfig/store.hpp	ConfigStore	karma::common::config::ConfigStore	m-bz3/src/ui/frontends/imgui/console/console.cpp	282	\b(?:karma::)?common::config::ConfigStore\b	const uint64_t revision = karma::common::config::ConfigStore::Revision();
m-kconfig/include/kconfig/store.hpp	ConfigStore	karma::common::config::ConfigStore	m-bz3/src/ui/frontends/imgui/console/panels/panel_settings.cpp	50	\b(?:karma::)?common::config::ConfigStore\b	const uint64_t revision = karma::common::config::ConfigStore::Revision();
m-kconfig/include/kconfig/store.hpp	ConfigStore	karma::common::config::ConfigStore	m-bz3/src/ui/frontends/imgui/console/panels/panel_settings.cpp	65	\b(?:karma::)?common::config::ConfigStore\b	if (!karma::common::config::ConfigStore::Initialized()) {
m-kconfig/include/kconfig/store.hpp	ConfigStore	karma::common::config::ConfigStore	m-bz3/src/ui/frontends/rmlui/backend.cpp	478	\b(?:karma::)?common::config::ConfigStore\b	const uint64_t revision = karma::common::config::ConfigStore::Revision();
m-kconfig/include/kconfig/store.hpp	ConfigStore	karma::common::config::ConfigStore	m-bz3/src/ui/frontends/rmlui/console/panels/panel_settings.cpp	936	\b(?:karma::)?common::config::ConfigStore\b	if (!karma::common::config::ConfigStore::Initialized()) {
m-kconfig/include/kconfig/store.hpp	ConfigStore	karma::common::config::ConfigStore	m-karma/src/app/client/backend_resolution.cpp	116	\b(?:karma::)?common::config::ConfigStore\b	"if (const auto* value = common::config::ConfigStore::Get(""window.VideoDriver"")) {"
m-kconfig/include/kconfig/store.hpp	ConfigStore	karma::common::config::ConfigStore	m-karma/src/app/shared/bootstrap_spec.cpp	29	\b(?:karma::)?common::config::ConfigStore\b	common::config::ConfigStore::Initialize(spec.config_specs, resolved_user_config_path);
m-kconfig/include/kconfig/store.hpp	ConfigStore	karma::common::config::ConfigStore	m-karma/src/app/shared/config_overrides.cpp	306	\b(?:karma::)?common::config::ConfigStore\b	"if (!common::config::ConfigStore::AddRuntimeLayer(""cli overrides"", overlay, {})) {"
m-kconfig/include/kconfig/store.hpp	ConfigStore	karma::common::config::ConfigStore	m-karma/src/audio/backends/miniaudio/clip_cache.cpp	38	\b(?:karma::)?common::config::ConfigStore\b	if (karma::common::config::ConfigStore::Initialized()) {
m-kconfig/include/kconfig/store.hpp	ConfigStore	karma::common::config::ConfigStore	m-karma/src/audio/backends/miniaudio/clip_cache.cpp	39	\b(?:karma::)?common::config::ConfigStore\b	const auto resolved = karma::common::config::ConfigStore::ResolveAssetPath(std::string(asset_path), {});
m-kconfig/include/kconfig/store.hpp	ConfigStore	karma::common::config::ConfigStore	m-karma/src/audio/backends/miniaudio/clip_cache.cpp	47	\b(?:karma::)?common::config::ConfigStore\b	const auto prefixed = karma::common::config::ConfigStore::ResolveAssetPath(prefixed_key, {});
m-kconfig/include/kconfig/store.hpp	ConfigStore	karma::common::config::ConfigStore	m-karma/src/audio/backends/sdl3audio/clip_cache.cpp	39	\b(?:karma::)?common::config::ConfigStore\b	if (karma::common::config::ConfigStore::Initialized()) {
m-kconfig/include/kconfig/store.hpp	ConfigStore	karma::common::config::ConfigStore	m-karma/src/audio/backends/sdl3audio/clip_cache.cpp	40	\b(?:karma::)?common::config::ConfigStore\b	const auto resolved = karma::common::config::ConfigStore::ResolveAssetPath(std::string(asset_path), {});
m-kconfig/include/kconfig/store.hpp	ConfigStore	karma::common::config::ConfigStore	m-karma/src/audio/backends/sdl3audio/clip_cache.cpp	48	\b(?:karma::)?common::config::ConfigStore\b	const auto prefixed = karma::common::config::ConfigStore::ResolveAssetPath(prefixed_key, {});
m-kconfig/include/kconfig/store.hpp	ConfigStore	karma::common::config::ConfigStore	m-karma/src/cli/server/runtime_options.cpp	87	\b(?:karma::)?common::config::ConfigStore\b	"if (!common::config::ConfigStore::AddRuntimeLayer(""server config overlay"", *overlay_json_opt, overlay_base_dir)) {"
m-kconfig/include/kconfig/store.hpp	ConfigStore	karma::common::config::ConfigStore	m-karma/src/cli/server/runtime_options.cpp	91	\b(?:karma::)?common::config::ConfigStore\b	"const auto* overlay_layer = common::config::ConfigStore::LayerByLabel(""server config overlay"");"
m-kconfig/include/kconfig/store.hpp	ConfigStore	karma::common::config::ConfigStore	m-karma/src/common/tests/config_store_named_api_test.cpp	78	\b(?:karma::)?common::config::ConfigStore\b	using karma::common::config::ConfigStore;
m-kconfig/include/kconfig/store.hpp	ConfigStore	karma::common::config::ConfigStore	m-karma/src/common/tests/config_store_named_api_test.cpp	136	\b(?:karma::)?common::config::ConfigStore\b	using karma::common::config::ConfigStore;
m-kconfig/include/kconfig/store.hpp	ConfigStore	karma::common::config::ConfigStore	m-karma/src/common/tests/config_store_named_api_test.cpp	156	\b(?:karma::)?common::config::ConfigStore\b	using karma::common::config::ConfigStore;
m-kconfig/include/kconfig/store.hpp	ConfigStore	karma::common::config::ConfigStore	m-karma/src/network/client/auth/community_credentials.cpp	106	\b(?:karma::)?common::config::ConfigStore\b	"const auto* credentials = karma::common::config::ConfigStore::Get(""communityCredentials"");"
m-kconfig/include/kconfig/store.hpp	ConfigStore	karma::common::config::ConfigStore	m-karma/src/physics/tests/parity/engine_sync_checks.cpp	204	\b(?:karma::)?common::config::ConfigStore\b	using karma::common::config::ConfigStore;
m-kconfig/include/kconfig/store.hpp	ConfigStore	karma::common::config::ConfigStore	m-karma/src/physics/tests/parity/engine_sync_checks.cpp	269	\b(?:karma::)?common::config::ConfigStore\b	using karma::common::config::ConfigStore;
m-kconfig/include/kconfig/store.hpp	ConfigStore	karma::common::config::ConfigStore	m-karma/src/physics/tests/parity/engine_sync_checks.cpp	320	\b(?:karma::)?common::config::ConfigStore\b	using karma::common::config::ConfigStore;
m-kconfig/include/kconfig/store.hpp	ConfigStore	karma::common::config::ConfigStore	m-karma/src/scene/scene_bootstrap.cpp	314	\b(?:karma::)?common::config::ConfigStore\b	"common::config::ConfigStore::ResolveAssetPath(""assets.models.world"", {});"
m-kconfig/include/kconfig/store.hpp	ConfigStore	karma::common::config::ConfigStore	m-karma/src/scene/scene_bootstrap.cpp	316	\b(?:karma::)?common::config::ConfigStore\b	"const auto alt_models_world = common::config::ConfigStore::ResolveAssetPath(""models.world"", {});"
m-kconfig/include/kconfig/store.hpp	ConfigStore	karma::common::config::ConfigStore	m-karma/src/scene/scene_bootstrap.cpp	317	\b(?:karma::)?common::config::ConfigStore\b	"const auto alt_world = common::config::ConfigStore::ResolveAssetPath(""world"", {});"
m-kconfig/include/kconfig/store.hpp	ConfigStore	karma::common::config::ConfigStore	m-karma/src/scene/scene_bootstrap.cpp	318	\b(?:karma::)?common::config::ConfigStore\b	"const auto* config_value = common::config::ConfigStore::Get(""assets.models.world"");"
m-kconfig/include/kconfig/validation.hpp	ValidationIssue	karma::common::config::ValidationIssue	m-karma/src/app/shared/runtime_identity.cpp	11	\b(?:karma::)?common::config::ValidationIssue\b	bool ReportRequiredConfigIssues(const std::vector<common::config::ValidationIssue>& issues, bool strict_config) {
